{
  "subscriptions": {
    "starter": {
      "monthly": {
        "USD": 9.99,
        "AUD": 14.99,
        "AED": 36.99,
        "EUR": 9.49,
        "GBP": 8.99
      },
      "yearly": {
        "USD": 99.99,
        "AUD": 149.99,
        "AED": 369.99,
        "EUR": 94.99,
        "GBP": 89.99
      }
    },
    "pro_plus": {
      "monthly": {
        "USD": 19.99,
        "AUD": 29.99,
        "AED": 73.99,
        "EUR": 18.99,
        "GBP": 16.99
      },
      "yearly": {
        "USD": 199.99,
        "AUD": 299.99,
        "AED": 739.99,
        "EUR": 189.99,
        "GBP": 169.99
      }
    },
    "studio": {
      "monthly": {
        "USD": 49.99,
        "AUD": 74.99,
        "AED": 183.99,
        "EUR": 47.99,
        "GBP": 41.99
      },
      "yearly": {
        "USD": 499.99,
        "AUD": 749.99,
        "AED": 1839.99,
        "EUR": 479.99,
        "GBP": 419.99
      }
    }
  },
  "credit_packs": {
    "credits_50": {
      "oneoff": {
        "USD": 9.99,
        "AUD": 14.99,
        "AED": 36.99,
        "EUR": 9.49,
        "GBP": 8.99
      }
    },
    "credits_100": {
      "oneoff": {
        "USD": 17.99,
        "AUD": 26.99,
        "AED": 66.99,
        "EUR": 16.99,
        "GBP": 14.99
      }
    },
    "credits_500": {
      "oneoff": {
        "USD": 69.99,
        "AUD": 104.99,
        "AED": 259.99,
        "EUR": 66.99,
        "GBP": 59.99
      }
    },
    "credits_1000": {
      "oneoff": {
        "USD": 119.99,
        "AUD": 179.99,
        "AED": 449.99,
        "EUR": 114.99,
        "GBP": 99.99
      }
    }
  },
  "addons": {
    "day_pass": {
      "oneoff": {
        "USD": 9.99,
        "AUD": 14.99,
        "AED": 36.99,
        "EUR": 9.49,
        "GBP": 8.99
      }
    }
  },
  "feature_credit_costs": {
    "image_generate": 1,
    "image_upscale_4x": 2,
    "image_variation": 1,
    "music_generate": 1,
    "t2v_render_5s": 4,
    "faceswap": 3,
    "avatar_render_short": 10,
    "tts_dub_30s": 1,
    "subtitle_auto": 1,
    "subtitle_translate": 1,
    "hd_export": 2,
    "uhd_4k_export": 4,
    "fast_pass": 1
  }
}